Polar_mpid,NPolar_mpid
mp-686057,mp-760701
mp-686057,mp-776108
mp-686057,mp-552588
mp-686057,mp-755559
mp-686057,mp-1078377
mp-690546,mp-18732
mp-674464,mp-757485
mp-677654,mvc-12573
mp-677654,mvc-15076
mp-677654,mvc-11645
mp-677654,mp-34296
mp-677654,mp-1042141
mp-677654,mp-1047701
mp-685434,mvc-3951
mp-743547,mvc-12573
mp-743547,mvc-11645
mp-743547,mp-34296
mp-743547,mp-19313
mp-743547,mp-1042141
mp-743547,mp-1047701
mp-758803,mp-762930
mp-758752,mp-771669
mp-758791,mp-771669
mp-758700,mp-757975
mp-758700,mp-1176656
mp-762514,mp-753228
mp-762590,mp-762671
mp-758726,mp-758095
mp-762932,mp-763578
mp-758210,mp-1216902
mp-758400,mp-1222437
mp-768045,mp-1101209
mp-769705,mp-756301
mp-769705,mp-1178498
mp-769705,mp-1178482
mp-770779,mp-1101715
mp-770843,mp-1101715
mp-775783,mp-775787
mp-775783,mp-775788
mp-775783,mp-754361
mp-775783,mp-755314
mp-775783,mp-761019
mp-775783,mp-752754
mp-775783,mp-776205
mp-775783,mp-755911
mp-775783,mp-776220
mp-775785,mp-775787
mp-775785,mp-775788
mp-775785,mp-754361
mp-775785,mp-755314
mp-775785,mp-761019
mp-775785,mp-752754
mp-775785,mp-776205
mp-775785,mp-755911
mp-775785,mp-776220
mp-775799,mp-775787
mp-775799,mp-775788
mp-775799,mp-754361
mp-775799,mp-755314
mp-775799,mp-761019
mp-775799,mp-752754
mp-775799,mp-776205
mp-775799,mp-755911
mp-775799,mp-776220
mp-775802,mp-755368
mp-775802,mp-776235
mp-775802,mp-776201
mp-775802,mp-776239
mp-775802,mp-776250
mp-775802,mp-776271
mp-775802,mp-776273
mp-775803,mp-776387
mp-775821,mp-776387
mp-775822,mp-755368
mp-775822,mp-776235
mp-775822,mp-776201
mp-775822,mp-776239
mp-775822,mp-776250
mp-775822,mp-776271
mp-775822,mp-776273
mp-775823,mp-755368
mp-775823,mp-776235
mp-775823,mp-776201
mp-775823,mp-776239
mp-775823,mp-776250
mp-775823,mp-776271
mp-775823,mp-776273
mp-775824,mp-755368
mp-775824,mp-776235
mp-775824,mp-776201
mp-775824,mp-776239
mp-775824,mp-776250
mp-775824,mp-776271
mp-775824,mp-776273
mp-1337287,mp-1101715
mp-775829,mp-776387
mp-775844,mp-755368
mp-775844,mp-776235
mp-775844,mp-776201
mp-775844,mp-776239
mp-775844,mp-776250
mp-775844,mp-776271
mp-775844,mp-776273
mp-775861,mp-755368
mp-775861,mp-776235
mp-775861,mp-776201
mp-775861,mp-776239
mp-775861,mp-776250
mp-775861,mp-776271
mp-775861,mp-776273
mp-755979,mp-1078719
mp-755979,mp-19311
mp-778698,mp-754991
mp-778698,mp-754929
mp-778698,mp-754781
mp-780759,mp-1101727
mp-997515,mp-1178121
mvc-12619,mvc-15159
mvc-12619,mvc-13435
mvc-12619,mp-1046266
mvc-15525,mvc-13795
mvc-15525,mp-1046310
mvc-4767,mvc-13666
mvc-4767,mp-1045965
mvc-4767,mp-1048412
mvc-5424,mvc-5732
mvc-5424,mp-27219
mvc-5424,mp-1047570
mvc-5424,mp-1042244
mvc-5424,mp-1047763
mvc-5542,mp-5388
mvc-5542,mp-1041530
mvc-5542,mp-1047017
mvc-5542,mp-1047593
mvc-6124,mp-1042581
mvc-6124,mp-1047626
mvc-6124,mp-1041687
mvc-6124,mp-1047337
mvc-6124,mp-1047726
mvc-6124,mp-1042131
mvc-6124,mp-1041889
mvc-6191,mp-1046917
mvc-6191,mp-1047722
mvc-6191,mp-1041800
mvc-6218,mp-1042158
mvc-6218,mp-1047711
mvc-6218,mp-1042036
mvc-6218,mp-1047458
mvc-6227,mp-1047646
mvc-6227,mp-1042245
mvc-6227,mp-1041996
mvc-6227,mp-1042530
mvc-6260,mvc-5840
mvc-6260,mp-1042260
mvc-6260,mp-1047563
mvc-6260,mp-1041517
mvc-6260,mp-1041690
mp-1003923,mp-1003320
mp-1003923,mp-1003483
mp-1042154,mp-1046917
mp-1042154,mp-1047722
mp-1042154,mp-1041800
mp-1097058,mp-757975
mp-1097058,mp-1176656
mp-1097058,mp-1199729
mp-1097905,mp-753674
mp-1097905,mp-753674
mp-1097905,mp-1080219
mp-32055,mp-27006
mp-32055,mp-1101595
mp-35822,mp-11737
mp-36779,mp-753671
mp-36875,mp-1221438
mp-504946,mp-556760
mp-530194,mp-760244
mp-530194,mp-31016
mp-530194,mp-531051
mp-531459,mp-5857
mp-531459,mp-38307
mp-531459,mp-556870
mp-531459,mp-530722
mp-531459,mp-3536
mp-531459,mp-1222051
mp-561374,mp-2981
mp-561374,mp-560097
mp-561374,mp-1228456
mp-561974,mp-35527
mp-624196,mp-29351
mp-662523,mp-972117
mp-667309,mp-650121
mp-667309,mp-1180938
mp-673669,mp-676320
mp-674297,mp-4531
mp-674297,mp-1220986
mp-675069,mp-760701
mp-675069,mp-776108
mp-675069,mp-552588
mp-675069,mp-755559
mp-675069,mp-1078377
mp-675093,mp-775787
mp-675093,mp-775788
mp-675093,mp-754361
mp-675093,mp-755314
mp-675093,mp-761019
mp-675093,mp-752754
mp-675093,mp-776205
mp-675093,mp-755911
mp-675093,mp-776220
mp-675625,mp-36903
mp-675625,mp-676851
mp-675821,mp-11321
mp-675821,mp-1101635
mp-675821,mp-1190968
mp-676280,mp-3858
mp-676280,mp-754818
mp-676280,mp-4699
mp-676280,mp-4170
mp-676280,mp-4675
mp-676536,mp-863367
mp-676536,mp-29799
mp-676684,mp-28940
mp-676684,mp-1218647
mp-676684,mp-1187317
mp-676694,mp-760701
mp-676694,mp-776108
mp-676694,mp-552588
mp-676694,mp-755559
mp-676694,mp-1078377
mp-676723,mp-558382
mp-676723,mp-1222624
mp-677628,mp-757031
mp-677628,mp-33297
mp-682284,mp-1006588
mp-685249,mp-762088
mp-685291,mp-13024
mp-685291,mp-680424
mp-685291,mp-603719
mp-685291,mp-1019512
mp-685291,mp-1019514
mp-685490,mp-766090
mp-685863,mp-11737
mp-686019,mp-5373
mp-686615,mp-680424
mp-686615,mp-603719
mp-675030,mp-18732
mp-694629,mp-1101510
mp-698576,mp-685374
mp-698587,mp-18732
mp-698666,mp-694855
mp-698666,mp-35975
mp-698666,mp-1223324
mp-699378,mp-35596
mp-689140,mp-641365
mp-689140,mp-504591
mp-689140,mp-22410
mp-689140,mp-1173387
mp-685663,mvc-12557
mp-685663,mvc-12603
mp-685663,mvc-12902
mp-685663,mp-630714
mp-685663,mp-1041720
mp-685663,mp-608016
mp-685663,mp-33432
mp-685663,mp-1045551
mp-532510,mp-688785
mp-532510,mp-37614
mp-532510,mp-1048803
mp-753197,mp-1224305
mp-753845,mp-9158
mp-753845,mp-996986
mp-753845,mp-996987
mp-753891,mp-1215197
mp-754833,mp-754361
mp-754833,mp-755314
mp-754833,mp-761019
mp-754833,mp-752754
mp-754833,mp-776205
mp-754833,mp-755911
mp-754837,mp-754361
mp-754837,mp-755314
mp-754837,mp-761019
mp-754837,mp-752754
mp-754837,mp-776205
mp-754837,mp-755911
mp-756029,mp-755368
mp-756029,mp-776235
mp-756029,mp-776201
mp-756029,mp-776250
mp-757336,mp-775787
mp-757336,mp-775788
mp-757336,mp-754361
mp-757336,mp-755314
mp-757336,mp-761019
mp-757336,mp-752754
mp-757336,mp-776205
mp-757336,mp-755911
mp-757336,mp-776220
mp-757636,mp-977408
mp-759792,mp-554873
mp-763655,mp-753228
mp-753258,mp-756569
mp-753258,mp-754470
mp-760068,mp-27224
mp-766238,mp-755368
mp-766238,mp-776235
mp-766238,mp-776201
mp-766238,mp-776239
mp-766238,mp-776250
mp-766238,mp-776271
mp-766238,mp-776273
mp-766548,mp-759812
mp-1337287,mp-1101715
mp-756873,mp-758665
mp-770778,mp-1101715
mp-772297,mp-772318
mp-772297,mp-772396
mp-772297,mp-1178024
mp-772297,mp-772666
mp-772297,mp-772666
mp-772297,mp-1178024
mp-773830,mp-777394
mp-773830,mp-1101402
mp-773831,mp-777394
mp-773831,mp-1101402
mp-774032,mp-772941
mp-774032,mp-1176774
mp-774032,mp-1045514
mp-776212,mp-775787
mp-776212,mp-775788
mp-776212,mp-754361
mp-776212,mp-755314
mp-776212,mp-761019
mp-776212,mp-752754
mp-776212,mp-776205
mp-776212,mp-755911
mp-776212,mp-776220
mp-776213,mp-775787
mp-776213,mp-775788
mp-776213,mp-754361
mp-776213,mp-755314
mp-776213,mp-761019
mp-776213,mp-752754
mp-776213,mp-776205
mp-776213,mp-755911
mp-776213,mp-776220
mp-776214,mp-775787
mp-776214,mp-775788
mp-776214,mp-754361
mp-776214,mp-755314
mp-776214,mp-761019
mp-776214,mp-752754
mp-776214,mp-776205
mp-776214,mp-755911
mp-776214,mp-776220
mp-776225,mp-775787
mp-776225,mp-775788
mp-776225,mp-754361
mp-776225,mp-755314
mp-776225,mp-761019
mp-776225,mp-752754
mp-776225,mp-776205
mp-776225,mp-755911
mp-776225,mp-776220
mp-776226,mp-775787
mp-776226,mp-775788
mp-776226,mp-754361
mp-776226,mp-755314
mp-776226,mp-761019
mp-776226,mp-752754
mp-776226,mp-776205
mp-776226,mp-755911
mp-776226,mp-776220
mp-776229,mp-776387
mp-776246,mp-755368
mp-776246,mp-776235
mp-776246,mp-776201
mp-776246,mp-776239
mp-776246,mp-776250
mp-776246,mp-776271
mp-776246,mp-776273
mp-776259,mp-775787
mp-776259,mp-775788
mp-776259,mp-754361
mp-776259,mp-755314
mp-776259,mp-761019
mp-776259,mp-752754
mp-776259,mp-776205
mp-776259,mp-755911
mp-776259,mp-776220
mp-776260,mp-755368
mp-776260,mp-776235
mp-776260,mp-776201
mp-776260,mp-776239
mp-776260,mp-776250
mp-776260,mp-776271
mp-776260,mp-776273
mp-776278,mp-776387
mp-776280,mp-776387
mp-776313,mp-776387
mp-776314,mp-755368
mp-776314,mp-776235
mp-776314,mp-776201
mp-776314,mp-776239
mp-776314,mp-776250
mp-776314,mp-776271
mp-776314,mp-776273
mp-776315,mp-755368
mp-776315,mp-776235
mp-776315,mp-776201
mp-776315,mp-776239
mp-776315,mp-776250
mp-776315,mp-776271
mp-776315,mp-776273
mp-776334,mp-776387
mp-776335,mp-755368
mp-776335,mp-776235
mp-776335,mp-776201
mp-776335,mp-776239
mp-776335,mp-776250
mp-776335,mp-776271
mp-776335,mp-776273
mp-776336,mp-776387
mp-776337,mp-755368
mp-776337,mp-776235
mp-776337,mp-776201
mp-776337,mp-776239
mp-776337,mp-776250
mp-776337,mp-776271
mp-776337,mp-776273
mp-776360,mp-755368
mp-776360,mp-776235
mp-776360,mp-776201
mp-776360,mp-776239
mp-776360,mp-776250
mp-776360,mp-776271
mp-776360,mp-776273
mp-776361,mp-776387
mp-776362,mp-755368
mp-776362,mp-776235
mp-776362,mp-776201
mp-776362,mp-776239
mp-776362,mp-776250
mp-776362,mp-776271
mp-776362,mp-776273
mp-776363,mp-755368
mp-776363,mp-776235
mp-776363,mp-776201
mp-776363,mp-776239
mp-776363,mp-776250
mp-776363,mp-776271
mp-776363,mp-776273
mp-776966,mp-777394
mp-776966,mp-1101402
mp-777302,mp-777394
mp-777302,mp-1101402
mp-777314,mp-777394
mp-777314,mp-1101402
mp-778065,mp-754991
mp-778065,mp-754929
mp-778065,mp-754781
mp-779738,mp-775787
mp-779738,mp-775788
mp-779738,mp-754361
mp-779738,mp-755314
mp-779738,mp-761019
mp-779738,mp-752754
mp-779738,mp-776205
mp-779738,mp-755911
mp-779738,mp-776220
mp-779739,mp-775787
mp-779739,mp-775788
mp-779739,mp-754361
mp-779739,mp-755314
mp-779739,mp-761019
mp-779739,mp-752754
mp-779739,mp-776205
mp-779739,mp-755911
mp-779739,mp-776220
mp-779833,mp-775787
mp-779833,mp-775788
mp-779833,mp-754361
mp-779833,mp-755314
mp-779833,mp-761019
mp-779833,mp-752754
mp-779833,mp-776205
mp-779833,mp-755911
mp-779833,mp-776220
mp-779837,mp-775787
mp-779837,mp-775788
mp-779837,mp-754361
mp-779837,mp-755314
mp-779837,mp-761019
mp-779837,mp-752754
mp-779837,mp-776205
mp-779837,mp-755911
mp-779837,mp-776220
mp-779863,mp-775787
mp-779863,mp-775788
mp-779863,mp-754361
mp-779863,mp-755314
mp-779863,mp-761019
mp-779863,mp-752754
mp-779863,mp-776205
mp-779863,mp-755911
mp-779863,mp-776220
mp-779864,mp-775787
mp-779864,mp-775788
mp-779864,mp-754361
mp-779864,mp-755314
mp-779864,mp-761019
mp-779864,mp-752754
mp-779864,mp-776205
mp-779864,mp-755911
mp-779864,mp-776220
mp-779973,mp-775787
mp-779973,mp-775788
mp-779973,mp-754361
mp-779973,mp-755314
mp-779973,mp-761019
mp-779973,mp-752754
mp-779973,mp-776205
mp-779973,mp-755911
mp-779973,mp-776220
mp-779974,mp-775787
mp-779974,mp-775788
mp-779974,mp-754361
mp-779974,mp-755314
mp-779974,mp-761019
mp-779974,mp-752754
mp-779974,mp-776205
mp-779974,mp-755911
mp-779974,mp-776220
mp-779975,mp-775787
mp-779975,mp-775788
mp-779975,mp-754361
mp-779975,mp-755314
mp-779975,mp-761019
mp-779975,mp-752754
mp-779975,mp-776205
mp-779975,mp-755911
mp-779975,mp-776220
mp-779979,mp-775787
mp-779979,mp-775788
mp-779979,mp-754361
mp-779979,mp-755314
mp-779979,mp-761019
mp-779979,mp-752754
mp-779979,mp-776205
mp-779979,mp-755911
mp-779979,mp-776220
mp-779982,mp-775787
mp-779982,mp-775788
mp-779982,mp-754361
mp-779982,mp-755314
mp-779982,mp-761019
mp-779982,mp-752754
mp-779982,mp-776205
mp-779982,mp-755911
mp-779982,mp-776220
mp-780060,mp-775787
mp-780060,mp-775788
mp-780060,mp-754361
mp-780060,mp-755314
mp-780060,mp-761019
mp-780060,mp-752754
mp-780060,mp-776205
mp-780060,mp-755911
mp-780060,mp-776220
mp-780061,mp-775787
mp-780061,mp-775788
mp-780061,mp-754361
mp-780061,mp-755314
mp-780061,mp-761019
mp-780061,mp-752754
mp-780061,mp-776205
mp-780061,mp-755911
mp-780061,mp-776220
mp-780075,mp-775787
mp-780075,mp-775788
mp-780075,mp-754361
mp-780075,mp-755314
mp-780075,mp-761019
mp-780075,mp-752754
mp-780075,mp-776205
mp-780075,mp-755911
mp-780075,mp-776220
mp-780231,mp-775787
mp-780231,mp-775788
mp-780231,mp-754361
mp-780231,mp-755314
mp-780231,mp-761019
mp-780231,mp-752754
mp-780231,mp-776205
mp-780231,mp-755911
mp-780231,mp-776220
mp-780274,mp-775787
mp-780274,mp-775788
mp-780274,mp-754361
mp-780274,mp-755314
mp-780274,mp-761019
mp-780274,mp-752754
mp-780274,mp-776205
mp-780274,mp-755911
mp-780274,mp-776220
mp-781710,mp-754495
mp-781710,mp-7596
mp-781710,mp-754752
mp-849331,mp-776387
mp-850744,mp-28444
mvc-10486,mp-1042163
mvc-10486,mp-1042158
mvc-10486,mp-1041518
mvc-10486,mp-1047711
mvc-10486,mp-1042036
mvc-10486,mp-1047458
mp-1040953,mvc-11995
mp-1040953,mvc-11997
mp-1040953,mp-17544
mp-1040953,mvc-11566
mp-1040953,mvc-12572
mp-1040953,mp-1047694
mp-1040953,mp-1042543
mp-1040953,mp-1047736
mp-1040953,mp-1041927
mp-1041144,mp-1042163
mp-1041144,mp-1042158
mp-1041144,mp-1041518
mp-1041144,mp-1047711
mp-1041144,mp-1042036
mp-1041144,mp-1047458
mp-1041206,mvc-5692
mp-1041206,mp-1042581
mp-1041206,mp-1047626
mp-1041206,mp-1041687
mp-1041206,mp-1047337
mp-1041206,mp-1047726
mp-1041206,mp-1042131
mp-1041206,mp-1041889
mp-1041272,mvc-5694
mp-1041272,mvc-4829
mp-1041272,mp-1042144
mp-1041272,mp-1041749
mp-1041272,mp-1047446
mp-1041272,mp-1041934
mp-1041272,mp-1047650
mp-1041329,mvc-12108
mp-1041329,mvc-15430
mp-1041329,mvc-12244
mp-1041329,mp-1004038
mp-1041329,mp-1003311
mp-1041329,mvc-11565
mp-1041329,mp-18844
mp-1041329,mp-1042262
mp-1041329,mp-1042028
mp-1041391,mp-1042087
mp-1041391,mp-1047237
mp-1041391,mp-1042571
mp-1041391,mp-1041947
mp-1041391,mp-1047644
mp-1041391,mp-1046915
mp-1041642,mp-1042244
mp-1041642,mp-1046873
mp-1041642,mp-1047380
mp-1041642,mp-1047763
mp-1044623,mvc-5732
mp-1044623,mp-27219
mp-1044623,mp-1047570
mp-1044623,mp-1042244
mp-1044623,mp-1047763
mp-1044820,mvc-5840
mp-1044820,mp-1042260
mp-1044820,mp-1047563
mp-1044820,mp-1041517
mp-1044820,mp-1041690
mp-1044866,mp-5388
mp-1044866,mp-1041530
mp-1044866,mp-1047017
mp-1044866,mp-1047593
mp-1044897,mp-5388
mp-1044897,mp-1041530
mp-1044897,mp-1047017
mp-1044897,mp-1047593
mp-1044897,mp-1046871
mp-1045231,mp-1044224
mp-1045925,mvc-4668
mp-1045925,mp-1046012
mp-1046548,mp-1048601
mp-1046940,mvc-14586
mp-1046940,mp-1045951
mp-1047025,mp-1046891
mp-1047025,mp-1047596
mp-1047025,mp-1047431
mp-1047025,mp-1041542
mp-1047025,mp-1042270
mp-1047025,mp-1047141
mp-1047286,mvc-12108
mp-1047286,mvc-15430
mp-1047286,mvc-12244
mp-1047286,mp-1004038
mp-1047286,mp-1003311
mp-1047286,mvc-11565
mp-1047286,mp-18844
mp-1047286,mp-1042262
mp-1047286,mp-1042028
mp-1049297,mp-1047184
mp-1049297,mp-1041556
mp-1049297,mp-1047007
mp-1049297,mp-1042234
mp-1049297,mp-1041808
mp-698587,mp-18732
mp-685351,mp-759740
mp-1101565,mp-26860
mp-1337287,mp-1101715
mp-1102399,mp-18849
mp-1104831,mp-1104224
mp-1173213,mp-28940
mp-1173213,mp-1218647
mp-1173213,mp-1187317
mp-1174212,mp-1174327
mp-1174212,mp-1174276
mp-1174212,mp-1174228
mp-1174212,mp-1174269
mp-1174212,mp-1174239
mp-1174212,mp-1174339
mp-1174212,mp-1174237
mp-1174212,mp-1174191
mp-1174212,mp-1174298
mp-1174212,mp-1174408
mp-1174212,mp-1174179
mp-1174212,mp-1174257
mp-1174212,mp-1174197
mp-1174212,mp-1174233
mp-1175376,mp-1175493
mp-1175376,mp-1175400
mp-1175376,mp-1175419
mp-1175376,mp-1175506
mp-1175376,mp-1175394
mp-1175376,mp-1175444
mp-1175376,mp-1175497
mp-1175376,mp-1175401
mp-1175376,mp-1175515
mp-1175376,mp-1175430
mp-1175376,mp-1175469
mp-1175376,mp-1175464
mp-1175376,mp-1175514
mp-1175376,mp-1175409
mp-1175376,mp-1175410
mp-1175376,mp-1175517
mp-1175376,mp-1175491
mp-1175376,mp-1175447
mp-1175376,mp-1175521
mp-1175376,mp-1175380
mp-1175376,mp-1175416
mp-1175376,mp-1175428
mp-1175376,mp-1175381
mp-1175376,mp-1175459
mp-1175376,mp-1175429
mp-1175376,mp-1175492
mp-1175376,mp-1175435
mp-1175376,mp-1175382
mp-1175376,mp-1175374
mp-1175376,mp-1175480
mp-1175376,mp-1175505
mp-1175376,mp-1175467
mp-1175376,mp-1175379
mp-1175376,mp-1175443
mp-1175376,mp-1175476
mp-1175482,mp-1175493
mp-1175482,mp-1175400
mp-1175482,mp-1175419
mp-1175482,mp-1175506
mp-1175482,mp-1175394
mp-1175482,mp-1175444
mp-1175482,mp-1175497
mp-1175482,mp-1175401
mp-1175482,mp-1175515
mp-1175482,mp-1175430
mp-1175482,mp-1175469
mp-1175482,mp-1175464
mp-1175482,mp-1175514
mp-1175482,mp-1175409
mp-1175482,mp-1175410
mp-1175482,mp-1175517
mp-1175482,mp-1175491
mp-1175482,mp-1175447
mp-1175482,mp-1175521
mp-1175482,mp-1175380
mp-1175482,mp-1175416
mp-1175482,mp-1175428
mp-1175482,mp-1175381
mp-1175482,mp-1175459
mp-1175482,mp-1175429
mp-1175482,mp-1175492
mp-1175482,mp-1175435
mp-1175482,mp-1175382
mp-1175482,mp-1175374
mp-1175482,mp-1175480
mp-1175482,mp-1175505
mp-1175482,mp-1175467
mp-1175482,mp-1175379
mp-1175482,mp-1175443
mp-1175482,mp-1175476
mp-1176549,mp-1222527
mp-1177252,mp-9172
mp-1178261,mp-754991
mp-1178261,mp-754929
mp-1178261,mp-754781
mp-1178332,mp-752807
mp-1179315,mp-972117
mp-1179315,mp-667421
mp-1179315,mp-1179320
mp-1181354,mp-650121
mp-1181354,mp-4855
mp-1181354,mp-1180938
mp-725609,mp-1188168
mp-1182604,mp-638002
mp-1182604,mp-510249
mp-1182631,mp-1198328
mp-1196419,mp-581875
mp-1204662,mp-755326
mp-1204662,mp-756382
mp-1216122,mp-1216160
mp-1221906,mp-19290
mp-1229320,mp-1195168
mp-34493,mvc-12557
mp-34493,mvc-12603
mp-34493,mvc-12902
mp-34493,mp-579284
mp-34493,mp-630714
mp-34493,mp-1041720
mp-34493,mp-608016
mp-34493,mp-33432
mp-34493,mp-1045551
mp-622026,mp-651311
mp-622026,mp-505402
mp-622026,mp-683666
mp-652804,mp-28519
mp-1328763,mp-36028
mp-1337287,mp-1101715
mp-770849,mp-1101715
mp-774527,mp-1221293
mp-780207,mp-770923
mp-780207,mp-779333
mp-780207,mp-770834
mvc-12665,mvc-4949
mvc-12665,mp-1047067
mvc-12665,mp-1046293
mp-1003548,mvc-12108
mp-1003548,mvc-15430
mp-1003548,mvc-12244
mp-1003548,mp-1004038
mp-1003548,mp-1003311
mp-1003548,mvc-11565
mp-1003548,mp-18844
mp-1003548,mp-1042262
mp-1003548,mp-1042028
mp-1097902,mp-753674
mp-1097902,mp-753674
mp-1097902,mp-1080219
mp-1173888,mp-1173881
mp-1173888,mp-1173887
mp-1173888,mp-1173883
mp-1173888,mp-1173879
mp-759787,mp-685142
mp-1178537,mp-753266
mp-1178537,mp-758832
mp-1178789,mp-540969
mp-1178823,mp-19311
mp-1182999,mp-560318
mp-1182999,mp-542093
mp-1182999,mp-19516
mp-1182999,mvc-14989
mp-728897,mp-1102824
mp-1211762,mp-1104224
mp-1221818,mp-19142
mp-13979,mp-4155
mp-18938,mp-558755
mp-25246,mp-26626
mp-26630,mvc-5346
mp-26974,mvc-10914
mp-26974,mp-26778
mp-32028,mp-759549
mp-32028,mp-31998
mp-32509,mp-765972
mp-32509,mp-697797
mp-32509,mp-26834
mp-32509,mp-32527
mp-32529,mp-1101510
mp-37509,mp-755390
mp-37509,mp-754222
mp-530986,mp-772412
mp-530986,mp-642228
mp-530986,mp-603930
mp-530986,mp-5924
mp-530986,mp-642216
mp-530986,mp-603907
mp-530986,mp-644879
mp-530986,mp-657338
mp-530986,mp-1020123
mp-530986,mp-1020124
mp-530986,mp-1020361
mp-530986,mp-4391
mp-530986,mp-5026
mp-530986,mp-3470
mp-530986,mp-3547
mp-530986,mp-556940
mp-530986,mp-554137
mp-530986,mp-5834
mp-530986,mp-4321
mp-530986,mp-1196002
mp-530986,mp-1195746
mp-531272,mp-3996
mp-531272,mp-1102977
mp-532524,mp-33631
mp-532524,mp-542737
mp-540424,mp-759084
mp-540424,mp-26908
mp-26940,mp-772265
mp-26940,mp-756329
mp-26940,mp-777460
mp-26940,mp-697761
mp-26940,mp-26980
mp-26940,mp-540022
mp-26940,mp-540146
mp-541728,mp-561313
mp-541728,mp-560584
mp-541950,mp-557954
mp-542931,mp-1198385
mp-550320,mp-546202
mp-550320,mp-551848
mp-550320,mp-551740
mp-550320,mp-1180553
mp-550498,mp-546202
mp-550498,mp-551848
mp-550498,mp-551740
mp-550498,mp-1180553
mp-550798,mp-546202
mp-550798,mp-551848
mp-550798,mp-551740
mp-550798,mp-1180553
mp-551176,mp-547898
mp-551176,mp-552966
mp-551176,mp-546320
mp-551176,mp-545760
mp-551176,mp-550679
mp-553897,mp-29222
mp-556527,mp-547898
mp-556527,mp-552966
mp-556527,mp-546320
mp-556527,mp-545760
mp-556527,mp-550679
mp-557915,mp-560151
mp-557915,mp-13024
mp-557915,mp-37990
mp-557915,mp-4051
mp-557915,mp-707977
mp-557915,mp-1019513
mp-557915,mp-1019514
mp-557915,mp-3955
mp-557915,mp-557604
mp-557915,mp-7848
mp-557915,mp-555941
mp-557915,mp-5331
mp-558056,mp-560151
mp-558056,mp-13024
mp-558056,mp-37990
mp-558056,mp-4051
mp-558056,mp-707977
mp-558056,mp-1019511
mp-558056,mp-1019513
mp-558056,mp-1019514
mp-558056,mp-3955
mp-558056,mp-557604
mp-558056,mp-7848
mp-558056,mp-555941
mp-558056,mp-5331
mp-561385,mp-972117
mp-561412,mp-3953
mp-561412,mp-1079918
mp-561412,mp-3205
mp-561834,mp-645303
mp-561834,mp-605824
mp-5724,mp-13024
mp-5724,mp-4051
mp-5724,mp-7848
mp-557525,mp-557229
mp-557525,mp-27222
mp-600237,mp-654937
mp-645330,mp-645303
mp-645330,mp-605824
mp-676950,mp-1227455
mp-676979,mp-757031
mp-676979,mp-33297
mp-680380,mp-14026
mp-690435,mp-34461
mp-691111,mp-765860
mp-691111,mp-36738
mp-691111,mp-34501
mp-691111,mp-753222
mp-686514,mp-757873
mp-753711,mp-3487
mp-756096,mp-754361
mp-756096,mp-755314
mp-756096,mp-761019
mp-756096,mp-752754
mp-756096,mp-776205
mp-756096,mp-755911
mp-760103,mp-1218885
mp-757191,mp-767776
mp-757191,mp-766395
mp-757191,mp-767776
mp-757191,mp-767776
mp-762225,mp-674478
mp-762225,mp-676020
mp-762225,mp-34195
mp-762225,mp-545643
mp-762225,mp-1227982
mp-763200,mp-754098
mp-763200,mp-1176521
mp-759204,mp-752896
mp-766243,mp-1215965
mp-769650,mp-756175
mp-770456,mp-1176936
mp-770855,mp-1101715
mp-771043,mp-558411
mp-771043,mp-1101171
mp-756661,mp-773515
mp-756184,mp-1176441
mp-756184,mp-752945
mp-772748,mp-779723
mp-755995,mvc-5592
mp-774074,mp-780683
mp-774074,mp-1176373
mp-774082,mp-752807
mp-775805,mp-755368
mp-775805,mp-776235
mp-775805,mp-776201
mp-775805,mp-776250
mp-776654,mp-766239
mp-780402,mp-753802
mvc-11797,mvc-4685
mvc-11797,mp-1047437
mvc-11797,mp-1047148
mvc-12012,mvc-11366
mvc-12053,mvc-11563
mvc-12053,mvc-10887
mvc-12053,mvc-12553
mvc-12053,mvc-12622
mvc-12053,mp-504712
mvc-12055,mvc-12563
mvc-12055,mp-18751
mvc-12055,mp-1047343
mvc-12055,mp-1041901
mvc-12055,mp-1041477
mvc-12659,mvc-15076
mvc-14253,mp-18395
mp-1042240,mp-1041530
mp-1042250,mvc-5732
mp-1042250,mp-1047570
mp-1042250,mp-1042244
mp-1042250,mp-1047763
mp-1173093,mp-5373
mp-1173143,mp-31755
mp-1173143,mp-1173139
mp-1178443,mp-772794
mp-1197095,mp-555786
mp-1198084,mp-1214199
mp-1221802,mp-18721
mp-1227559,mp-8682
mp-1227559,mp-1019562
mp-860791,mp-545999
mp-860791,mp-540872
mp-552941,mp-551886
mp-552941,mp-546551
mp-552941,mp-546707
mp-891956,mp-891955
mp-704220,mp-776288
mp-704220,mp-19752
mp-704220,mp-694541
mp-704220,mp-694541
mp-704220,mp-753395
mp-704220,mp-776288
mp-704220,mp-760343
mp-704220,mp-772512
mp-704220,mp-694541
mp-704220,mp-19109
mp-704220,mp-25303
mp-614951,mp-13658
mp-614951,mp-38220
mp-614951,mp-752446
mp-1227589,mp-29760
mp-545387,mp-551736
mp-545387,mp-546643
mp-545387,mp-549687
mp-545387,mp-549869
mp-557704,mp-5915
mp-561851,mp-22628
mp-561851,mp-1196533
mp-562815,mp-645303
mp-562815,mp-605824
mp-38975,mp-753671
mp-531132,mp-3487
mp-757917,mp-1227455
mp-5073,mp-13658
mp-5073,mp-38220
mp-5073,mp-752446
mp-1196124,mp-3848
mp-550314,mp-547898
mp-550314,mp-552966
mp-550314,mp-546320
mp-550314,mp-545760
mp-550314,mp-550679
mp-552623,mp-551886
mp-552623,mp-546551
mp-552623,mp-546707
mp-1196095,mp-1214199
mp-1198288,mp-23372
mp-1192537,mp-1192336
mp-1202737,mp-18050
mp-1220067,mp-22750
mp-1220067,mp-553956
mp-1220067,mp-505799
mp-1220067,mp-542152
mp-1199011,mp-1200403
mp-778604,mp-756633
mp-778604,mp-753795
mp-778604,mp-28510
mp-774335,mp-767134
mp-774335,mp-755619
mp-774335,mp-767140
mp-774335,mp-753979
mp-774335,mp-554022
mp-774335,mp-556031
mp-774335,mp-1101386
mp-776066,mp-753579
mp-776066,mp-753985
mp-560656,mp-2981
mp-560656,mp-560097
mp-560656,mp-1228456
mp-13335,mp-778103
mp-559390,mp-558636
mp-559390,mp-12441
mp-4202,mp-3828
mp-5492,mp-36775
mp-1227239,mp-1195767
mp-1214138,mp-725923
mp-1204451,mp-727115
mp-1003637,mp-753228
mp-26820,mp-772265
mp-26820,mp-756329
mp-26820,mp-777460
mp-26820,mp-697761
mp-26820,mp-26980
mp-26820,mp-540022
mp-26820,mp-540146
mp-771905,mp-763790
mp-771905,mp-540439
mp-549389,mp-546202
mp-549389,mp-551848
mp-549389,mp-551740
mp-549389,mp-1180553
mp-605843,mp-551736
mp-605843,mp-546643
mp-605843,mp-549687
mp-605843,mp-549869
mp-624234,mp-1105700
mp-645295,mp-551886
mp-645295,mp-546551
mp-645295,mp-546707
mp-645317,mp-546202
mp-645317,mp-551848
mp-645317,mp-551740
mp-645317,mp-1180553
mp-647158,mp-972117
mp-647158,mp-667421
mp-647158,mp-1179320
mp-676014,mp-3405
mp-676014,mp-860798
mp-676278,mp-8682
mp-676278,mp-1019562
mp-685982,mp-7831
mp-685982,mp-676338
mp-690508,mp-17993
mp-698589,mp-765466
mp-698589,mp-38802
mp-532446,mp-35236
mp-532446,mp-1178203
mp-705019,mp-705300
mp-705467,mp-2767267
mp-705467,mp-770555
mp-705467,mp-772265
mp-705467,mp-756329
mp-705467,mp-777460
mp-705467,mp-697761
mp-705467,mp-26980
mp-705467,mp-697761
mp-705467,mp-540022
mp-705467,mp-540146
mp-705467,mp-1040932
mp-530184,mp-688785
mp-530184,mp-37614
mp-530184,mp-1048803
mp-530184,mp-688785
mp-530184,mp-37614
mp-530184,mp-1048803
mp-2225950,mvc-12562
mp-2225950,mvc-12591
mp-2225950,mvc-14518
mp-2225950,mp-1045558
mp-2225950,mp-1003770
mp-2225950,mp-1002568
mp-2225950,mp-1003641
mp-2225950,mp-1003735
mp-2225950,mp-27510
mp-2225950,mp-1097820
mp-2225950,mp-1041914
mp-2225950,mp-1047292
mp-2225950,mp-1041928
mp-705637,mp-540256
mp-530184,mp-688785
mp-530184,mp-37614
mp-530184,mp-1048803
mp-531604,mp-754656
mp-531604,mp-1004373
mp-531604,mp-1002572
mp-531604,mp-35929
mp-531604,mp-37620
mp-685218,mp-765860
mp-685218,mp-36738
mp-685218,mp-34501
mp-685218,mp-753222
mp-723064,mp-23335
mp-723064,mp-1179025
mp-753048,mp-773864
mp-753048,mp-1216649
mp-754668,mp-760007
mp-754790,mp-755054
mp-755132,mp-755998
mp-755205,mp-755368
mp-755205,mp-776235
mp-755205,mp-776201
mp-755205,mp-776250
mp-760052,mp-755314
mp-760052,mp-776205
mp-761033,mp-760007
mp-761140,mp-760863
mp-762319,mp-9172
mp-753296,mp-758095
mp-753112,mp-753228
mp-752668,mp-762412
mp-752668,mp-1003313
mp-758744,mp-758437
mp-753296,mp-758095
mp-763344,mp-759173
mp-758725,mp-1178064
mp-764074,mp-757147
mp-760833,mp-761189
mp-760833,mp-752521
mp-760833,mp-761189
mp-753636,mp-776288
mp-753636,mp-19752
mp-753636,mp-694541
mp-753636,mp-694541
mp-753636,mp-753395
mp-753636,mp-776288
mp-753636,mp-760343
mp-753636,mp-694541
mp-753636,mp-19109
mp-753636,mp-25303
mp-765647,mp-1248251
mp-765647,mvc-15903
mp-765647,mp-1178549
mp-767194,mp-759812
mp-768330,mp-767134
mp-768330,mp-755619
mp-768330,mp-767140
mp-768330,mp-753979
mp-768330,mp-554022
mp-768330,mp-556031
mp-768330,mp-1101386
mp-771523,mp-770684
mp-771523,mp-772941
mp-771523,mp-1176774
mp-771523,mp-1045514
mp-756858,mp-759173
mp-756858,mp-27503
mp-771905,mp-557190
mp-771905,mp-763790
mp-771905,mp-704236
mp-771905,mp-540439
mp-773044,mp-9158
mp-773044,mp-996986
mp-773044,mp-996987
mp-773050,mp-758665
mp-773050,mp-17159
mp-756858,mp-759173
mp-756858,mp-27503
mp-755562,mp-754656
mp-755562,mp-1002572
mp-775863,mp-755368
mp-775863,mp-776235
mp-775863,mp-776201
mp-775863,mp-776239
mp-775863,mp-776250
mp-775863,mp-776271
mp-775863,mp-776273
mp-776004,mp-753010
mp-777403,mp-27224
mp-780050,mp-754361
mp-780050,mp-755314
mp-780050,mp-761019
mp-780050,mp-752754
mp-780050,mp-776205
mp-780050,mp-755911
mp-780050,mp-776220
mp-780169,mp-754361
mp-780169,mp-755314
mp-780169,mp-761019
mp-780169,mp-752754
mp-780169,mp-776205
mp-780169,mp-755911
mp-780169,mp-776220
mp-780238,mp-756721
mp-849335,mp-755054
mp-850251,mp-650929
mp-849770,mp-27046
mp-851102,mp-559908
mp-851102,mp-7638
mp-851102,mp-757158
mvc-11983,mvc-14111
mvc-11983,mvc-14250
mvc-12661,mvc-12573
mvc-12661,mvc-15076
mvc-12661,mp-1042141
mvc-12661,mp-1047701
mvc-14994,mvc-13349
mvc-4648,mvc-5754
mvc-4648,mp-1046883
mvc-4648,mp-1047375
mvc-4648,mp-1047543
mvc-4648,mp-1041727
mvc-4648,mp-1047792
mvc-4648,mp-1042238
mvc-5089,mvc-12607
mvc-5089,mvc-12571
mvc-5089,mp-1048271
mvc-5089,mp-1041789
mvc-5089,mp-1041909
mvc-5089,mp-1047680
mvc-5121,mvc-5754
mvc-5121,mp-1046883
mvc-5121,mp-1047375
mvc-5121,mp-1047543
mvc-5121,mp-1047792
mvc-5121,mp-1042238
mvc-5147,mvc-5732
mvc-5147,mp-1047570
mvc-5147,mp-1042244
mvc-5147,mp-1046873
mvc-5147,mp-1047763
mvc-5187,mvc-5722
mvc-5187,mp-1042216
mvc-5187,mp-1041489
mvc-5187,mp-1047341
mvc-5187,mp-1046875
mvc-5187,mp-1041524
mvc-5203,mvc-12117
mvc-5203,mvc-10891
mvc-5203,mvc-14150
mvc-5203,mp-770890
mvc-5203,mp-1047657
mvc-5203,mp-1041629
mvc-5203,mp-1041932
mvc-5203,mp-1041883
mvc-5217,mvc-11995
mvc-5217,mvc-11997
mvc-5217,mp-17544
mvc-5217,mvc-11566
mvc-5217,mvc-12572
mvc-5217,mp-1047694
mvc-5217,mp-1042543
mvc-5217,mp-1047736
mvc-5217,mp-1041927
mvc-5221,mvc-5975
mvc-5221,mvc-5491
mvc-5221,mp-1047786
mvc-5221,mp-1047267
mvc-5221,mp-1047628
mvc-5221,mp-1041794
mvc-5221,mp-1042253
mvc-5233,mp-5388
mvc-5233,mp-1041530
mvc-5233,mp-1047017
mvc-5233,mp-1047593
mvc-5233,mp-1046871
mvc-5253,mvc-5840
mvc-5253,mp-1042260
mvc-5253,mp-1041743
mvc-5253,mp-1047315
mvc-5253,mp-1047563
mvc-5253,mp-1041517
mvc-5253,mp-1041690
mvc-5253,mp-1046855
mvc-5260,mvc-12618
mvc-5260,mvc-12124
mvc-5260,mp-18879
mvc-5260,mp-1047669
mvc-5260,mp-1041899
mvc-5260,mp-1041630
mvc-5260,mp-1045535
mvc-5278,mvc-12592
mvc-5278,mp-19202
mvc-5278,mvc-12547
mvc-5278,mp-39010
mvc-5278,mp-1047641
mvc-5278,mp-1041502
mvc-5278,mp-1048255
mvc-5285,mvc-11560
mvc-5285,mvc-11984
mvc-5285,mp-1047705
mvc-5285,mp-1045547
mvc-5285,mp-1041960
mvc-5313,mp-1041815
mvc-5313,mp-1041676
mvc-5313,mp-1041506
mvc-5335,mvc-12607
mvc-5335,mvc-12571
mvc-5335,mp-1048271
mvc-5335,mp-1041789
mvc-5335,mp-1041909
mvc-5335,mp-1047680
mvc-5342,mvc-12027
mvc-5342,mvc-12111
mvc-5342,mvc-12627
mvc-5342,mp-1045532
mvc-5342,mp-1041583
mvc-5342,mp-1041848
mvc-5359,mp-1047184
mvc-5359,mp-1041556
mvc-5359,mp-1047007
mvc-5359,mp-1042234
mvc-5359,mp-1041808
mvc-5378,mp-1048280
mvc-5378,mp-1047667
mvc-5378,mp-1041967
mvc-5378,mp-1048393
mvc-5378,mp-1042573
mvc-5378,mp-1042295
mvc-5579,mvc-12573
mvc-5579,mvc-11645
mvc-5579,mp-34296
mvc-5579,mp-19313
mvc-5579,mp-1042141
mvc-5579,mp-1047701
mvc-5749,mvc-11563
mvc-5749,mvc-10887
mvc-5749,mvc-12553
mvc-5749,mvc-12622
mvc-5749,mp-504712
mvc-5911,mvc-11984
mvc-5911,mp-1047705
mvc-5911,mp-1045547
mvc-5911,mp-1041960
mvc-5978,mp-1042087
mvc-5978,mp-1047237
mvc-5978,mp-1042571
mvc-5978,mp-1041947
mvc-5978,mp-1047644
mvc-5978,mp-1046915
mvc-6278,mvc-4829
mvc-6278,mp-1042144
mvc-6278,mp-1041749
mvc-6278,mp-1047446
mvc-6278,mp-1041934
mvc-6278,mp-1047650
mvc-6340,mp-1047646
mvc-6340,mp-1042245
mvc-6340,mp-1042046
mvc-6340,mp-1041996
mvc-6340,mp-1042530
mvc-6340,mp-1047293
mvc-6346,mp-1042158
mvc-6346,mp-1047711
mvc-6346,mp-1042036
mvc-6346,mp-1047458
mp-1003767,mp-1004376
mp-1003767,mp-1002571
mp-1003767,mp-542710
mp-1016119,mp-759533
mp-1016119,mp-18957
mp-1016119,mp-1016152
mp-1020117,mp-772412
mp-1020117,mp-642228
mp-1020117,mp-603930
mp-1020117,mp-5924
mp-1020117,mp-642216
mp-1020117,mp-603907
mp-1020117,mp-644879
mp-1020117,mp-657338
mp-1020117,mp-1020123
mp-1020117,mp-1020124
mp-1020117,mp-1020361
mp-1020117,mp-5026
mp-1020117,mp-3470
mp-1020117,mp-556940
mp-1020117,mp-554137
mp-1020117,mp-5834
mp-1020117,mp-4321
mp-1020117,mp-1196002
mp-1020117,mp-1195746
mp-1041064,mvc-5692
mp-1041064,mp-1042581
mp-1041064,mp-1047626
mp-1041064,mp-1041687
mp-1041064,mp-1047337
mp-1041064,mp-1047726
mp-1041064,mp-1042131
mp-1041064,mp-1041889
mp-1041065,mvc-5694
mp-1041065,mvc-4829
mp-1041065,mp-1042144
mp-1041065,mp-1041749
mp-1041065,mp-1047446
mp-1041065,mp-1041934
mp-1041065,mp-1047650
mp-1041093,mp-1042087
mp-1041093,mp-1047237
mp-1041093,mp-1042571
mp-1041093,mp-1041947
mp-1041093,mp-1047644
mp-1041093,mp-1046915
mp-1041123,mp-1046917
mp-1041123,mp-1047722
mp-1041123,mp-1041800
mp-1041621,mvc-11995
mp-1041621,mvc-11997
mp-1041621,mp-17544
mp-1041621,mvc-11566
mp-1041621,mvc-12572
mp-1041621,mp-1047694
mp-1041621,mp-1042543
mp-1041621,mp-1047736
mp-1041621,mp-1041927
mp-1044828,mp-1047184
mp-1044828,mp-1041556
mp-1044828,mp-1047007
mp-1044828,mp-1042234
mp-1044828,mp-1041808
mp-1044930,mvc-5975
mp-1044930,mvc-5491
mp-1044930,mp-1047786
mp-1044930,mp-1047267
mp-1044930,mp-1047628
mp-1044930,mp-1041794
mp-1044930,mp-1042253
mp-1045540,mp-753674
mp-1045540,mp-753674
mp-1045698,mp-540969
mp-1046228,mp-1043644
mp-1046264,mp-1043628
mp-1046724,mp-756450
mp-1047243,mp-1041815
mp-1047243,mp-1041676
mp-1047243,mp-1041506
mp-1047987,mp-1043673
mp-1080218,mp-1003484
mp-1080218,mvc-11655
mp-1100838,mvc-12573
mp-1100838,mvc-11645
mp-1100838,mp-34296
mp-1100838,mp-19313
mp-1100838,mp-1042141
mp-1100838,mp-1047701
mp-531655,mp-780585
mp-531655,mp-33684
mp-1101159,mp-776250
mp-1101160,mp-755998
mp-1101462,mp-977408
mp-558497,mp-555540
mp-1104182,mp-504818
mp-1105876,mp-505147
mp-1106239,mp-23477
mp-1106239,mp-1105271
mp-1176672,mp-753228
mp-1176858,mp-752627
mp-1176858,mp-754754
mp-776004,mp-759702
mp-776004,mp-753010
mp-758077,mp-1178121
mp-1178206,mp-754991
mp-1178206,mp-754929
mp-1178206,mp-754781
mp-1180596,mp-546202
mp-1180596,mp-551848
mp-1180596,mp-551740
mp-1180596,mp-1180553
mp-1181867,mp-542150
mp-1182074,mp-1080407
mp-15361,mp-767740
mp-15361,mp-705305
mp-15361,mp-26226
mp-1199506,mp-1201137
mp-1199701,mp-731639
mp-1199762,mp-560151
mp-1199762,mp-13024
mp-1199762,mp-37990
mp-1199762,mp-4051
mp-1199762,mp-707977
mp-1199762,mp-683883
mp-1199762,mp-1019511
mp-1199762,mp-1019512
mp-1199762,mp-1019513
mp-1199762,mp-1019514
mp-1199762,mp-3955
mp-1199762,mp-5440
mp-1199762,mp-557604
mp-1199762,mp-557757
mp-1199762,mp-7848
mp-1199762,mp-541338
mp-1199762,mp-555941
mp-1199762,mp-561027
mp-1199762,mp-5331
mp-1199762,mp-554185
mp-1199762,mp-559145
mp-1200846,mp-1210633
mp-1200846,mp-1200396
mp-1202153,mp-540706
mp-1202965,mp-1200403
mp-1214354,mp-1201137
mp-1216790,mp-27877
mp-1218641,mp-28761
mp-1220011,mp-753671
mp-1221063,mp-1192336
mp-1222064,mp-31901
mp-1224948,mp-1225032
mp-1238960,mp-546202
mp-1238960,mp-551848
mp-1238960,mp-551740
mp-1238960,mp-1180553
mp-25542,mp-754656
mp-33325,mvc-12557
mp-33325,mvc-12603
mp-33325,mvc-12902
mp-33325,mp-579284
mp-33325,mp-630714
mp-33325,mp-1041720
mp-33325,mp-608016
mp-33325,mp-33432
mp-33325,mp-1045551
mp-34782,mp-36465
mp-34782,mp-30084
mp-35712,mp-38951
mp-35712,mp-4590
mp-37621,mp-36447
mp-530121,mp-38951
mp-530121,mp-4590
mp-530303,mp-38951
mp-530303,mp-4590
mp-530748,mp-5857
mp-530748,mp-38307
mp-530748,mp-556870
mp-530748,mp-3536
mp-530748,mp-1222051
mp-531317,mp-28950
mp-531340,mp-5857
mp-531340,mp-38307
mp-531340,mp-556870
mp-531340,mp-530722
mp-531340,mp-3536
mp-531340,mp-1222051
mp-532424,mp-863358
mp-532424,mp-757376
mp-753636,mp-776288
mp-753636,mp-19752
mp-753636,mp-694541
mp-753636,mp-694541
mp-753636,mp-753395
mp-753636,mp-776288
mp-753636,mp-760343
mp-753636,mp-694541
mp-753636,mp-19109
mp-753636,mp-25303
mp-540536,mp-705358
mp-540536,mp-32113
mp-540549,mp-1019377
mp-540549,mp-559996
mp-9403,mp-26112
mp-9403,mp-31690
mp-9403,mp-554600
mp-9403,mp-555540
mp-549207,mp-546202
mp-549207,mp-551848
mp-549207,mp-551740
mp-549207,mp-1180553
mp-550547,mp-551736
mp-550547,mp-546643
mp-550547,mp-549687
mp-550547,mp-549869
mp-550895,mp-551736
mp-550895,mp-546643
mp-550895,mp-549687
mp-550895,mp-549869
mp-551267,mp-547898
mp-551267,mp-552966
mp-551267,mp-546320
mp-551267,mp-545760
mp-551267,mp-550679
mp-551437,mp-547898
mp-551437,mp-552966
mp-551437,mp-546320
mp-551437,mp-545760
mp-551437,mp-550679
mp-554749,mp-560585
mp-555313,mp-555769
mp-555313,mp-756205
mp-555313,mp-1101383
mp-541930,mp-759708
mp-541930,mp-763780
mp-541930,mp-540314
mp-541930,mp-724325
mp-558088,mp-560151
mp-558088,mp-13024
mp-558088,mp-37990
mp-558088,mp-4051
mp-558088,mp-707977
mp-558088,mp-1019511
mp-558088,mp-1019512
mp-558088,mp-1019513
mp-558088,mp-1019514
mp-558088,mp-3955
mp-558088,mp-557604
mp-558088,mp-557757
mp-558088,mp-7848
mp-558088,mp-541338
mp-558088,mp-555941
mp-558088,mp-561027
mp-558088,mp-5331
mp-558088,mp-554185
mp-558277,mp-23335
mp-558277,mp-1179025
mp-558930,mp-8230
mp-559949,mp-542833
mp-559949,mp-557683
mp-561008,mp-5680
mp-559736,mp-624691
mp-559736,mp-1178815
mp-566717,mp-20302
mp-558497,mp-555540
mp-690525,mp-1078473
mp-690525,mp-18814
mp-704299,mp-776288
mp-704299,mp-19752
mp-704299,mp-694541
mp-704299,mp-694541
mp-704299,mp-753395
mp-704299,mp-776288
mp-704299,mp-504149
mp-704299,mp-760343
mp-704299,mp-772512
mp-704299,mp-559295
mp-704299,mp-694541
mp-704299,mp-19109
mp-704299,mp-25303
mp-704299,mp-1048924
mp-760506,mp-753671
mp-759339,mp-778671
mp-759339,mp-759702
mp-759339,mp-753010
mp-705467,mp-540022
mp-770192,mp-775130
mp-770192,mp-775130
mp-770192,mp-755795
mp-755816,mp-849304
mp-778064,mp-754991
mp-778064,mp-754929
mp-778064,mp-754781
mp-850957,mp-777423
mp-850957,mp-778364
mvc-12570,mp-756552
mvc-15039,mvc-12573
mvc-15039,mvc-15076
mvc-6176,mp-1042581
mvc-6176,mp-1047626
mvc-6176,mp-1041687
mvc-6176,mp-1047337
mvc-6176,mp-1047726
mvc-6176,mp-1042131
mvc-6176,mp-1041889
mvc-6366,mp-1046917
mvc-6366,mp-1047722
mvc-6366,mp-1041800
mp-1003766,mp-1002571
mp-1004375,mp-1003484
mp-1004375,mvc-11655
mp-1019510,mp-560151
mp-1019510,mp-13024
mp-1019510,mp-37990
mp-1019510,mp-4051
mp-1019510,mp-707977
mp-1019510,mp-1019511
mp-1019510,mp-1019512
mp-1019510,mp-1019513
mp-1019510,mp-1019514
mp-1019510,mp-3955
mp-1019510,mp-557604
mp-1019510,mp-557757
mp-1019510,mp-7848
mp-1019510,mp-541338
mp-1019510,mp-555941
mp-1019510,mp-561027
mp-1019510,mp-5331
mp-1019510,mp-554185
mp-1020112,mp-7982
mp-1020112,mp-5639
mp-1020112,mp-673808
mp-1020112,mp-7983
mp-1020112,mp-554396
mp-1020112,mp-554663
mp-1020112,mp-1103987
mp-1020118,mp-772412
mp-1020118,mp-642228
mp-1020118,mp-603930
mp-1020118,mp-5924
mp-1020118,mp-642216
mp-1020118,mp-603907
mp-1020118,mp-644879
mp-1020118,mp-657338
mp-1020118,mp-1020123
mp-1020118,mp-1020124
mp-1020118,mp-1020361
mp-1020118,mp-5026
mp-1020118,mp-3470
mp-1020118,mp-3547
mp-1020118,mp-556940
mp-1020118,mp-554137
mp-1020118,mp-5834
mp-1020118,mp-4321
mp-1020118,mp-1196002
mp-1020118,mp-1195746
mp-1020125,mp-772412
mp-1020125,mp-642228
mp-1020125,mp-603930
mp-1020125,mp-5924
mp-1020125,mp-642216
mp-1020125,mp-603907
mp-1020125,mp-644879
mp-1020125,mp-657338
mp-1020125,mp-1020123
mp-1020125,mp-1020124
mp-1020125,mp-1020361
mp-1020125,mp-5026
mp-1020125,mp-3470
mp-1020125,mp-556940
mp-1020125,mp-554137
mp-1020125,mp-5834
mp-1020125,mp-4321
mp-1020125,mp-1196002
mp-1020125,mp-1195746
mp-1045304,mp-3188
mp-13664,mp-12286
mp-20546,mp-752827
mp-20546,mp-1173069
mp-20940,mp-14550
mp-20940,mp-13641
mp-21521,mp-21283
mp-23427,mp-23335
mp-23427,mp-1179025
mp-25886,mp-540284
mp-34591,mp-755390
mp-34591,mp-754222
mp-39933,mp-754944
mp-39933,mp-755628
mp-39933,mp-754411
mp-39933,mp-755303
mp-39933,mp-1173115
mp-4681,mp-4748
mp-4681,mp-559354
mp-4681,mp-1078295
mp-4681,mp-4419
mp-4681,mp-3136
mp-4681,mp-1105765
mp-4681,mp-1199037
mp-540111,mp-776288
mp-540111,mp-19752
mp-540111,mp-694541
mp-540111,mp-694541
mp-540111,mp-753395
mp-540111,mp-776288
mp-540111,mp-760343
mp-540111,mp-694541
mp-540111,mp-19109
mp-540111,mp-25303
mp-540118,mp-772265
mp-540118,mp-756329
mp-540118,mp-777460
mp-540118,mp-697761
mp-540118,mp-26980
mp-540118,mp-540022
mp-540118,mp-540146
mp-504414,mp-540138
mp-504414,mp-504818
mp-504414,mp-26372
mp-554383,mp-3193
mp-554383,mp-16970
mp-554383,mp-556307
mp-554383,mp-557290
mp-554529,mp-3397
mp-554529,mp-36194
mp-554856,mp-3193
mp-554856,mp-16970
mp-554856,mp-556307
mp-554856,mp-557290
mp-555256,mp-546202
mp-555256,mp-551848
mp-555256,mp-551740
mp-555256,mp-1180553
mp-555320,mp-546202
mp-555320,mp-551848
mp-555320,mp-551740
mp-555320,mp-1180553
mp-556892,mp-561102
mp-557311,mp-542085
mp-557803,mp-603930
mp-557803,mp-5924
mp-557803,mp-642216
mp-557803,mp-603907
mp-557803,mp-644879
mp-557803,mp-5026
mp-557803,mp-3470
mp-557803,mp-554137
mp-557803,mp-4321
mp-557803,mp-1195746
mp-557842,mp-560151
mp-557842,mp-13024
mp-557842,mp-37990
mp-557842,mp-4051
mp-557842,mp-707977
mp-557842,mp-1019511
mp-557842,mp-1019513
mp-557842,mp-1019514
mp-557842,mp-3955
mp-557842,mp-557604
mp-557842,mp-7848
mp-557842,mp-555941
mp-557842,mp-5331
mp-557909,mp-559219
mp-559283,mp-505270
mp-559283,mp-554944
mp-559849,mp-4959
mp-559849,mp-7367
mp-546989,mp-27877
mp-556455,mp-556937
mp-556455,mp-1198660
mp-557578,mp-510616
mp-5679,mp-8459
mp-5777,mp-2998
mp-559662,mp-628951
mp-559662,mvc-12304
mp-616541,mp-655353
mp-622198,mp-23335
mp-622198,mp-1179025
mp-636731,mp-627151
mp-636731,mp-510456
mp-636731,mp-559825
mp-636731,mp-1095622
mp-642210,mp-603930
mp-642210,mp-5924
mp-642210,mp-642216
mp-642210,mp-603907
mp-642210,mp-644879
mp-642210,mp-4391
mp-642210,mp-5026
mp-642210,mp-3470
mp-642210,mp-3547
mp-642210,mp-554137
mp-642210,mp-4321
mp-642210,mp-1195746
mp-667363,mp-560151
mp-667363,mp-13024
mp-667363,mp-37990
mp-667363,mp-4051
mp-667363,mp-707977
mp-667363,mp-1019511
mp-667363,mp-1019512
mp-667363,mp-1019513
mp-667363,mp-1019514
mp-667363,mp-3955
mp-667363,mp-5440
mp-667363,mp-557604
mp-667363,mp-557757
mp-667363,mp-7848
mp-667363,mp-541338
mp-667363,mp-555941
mp-667363,mp-561027
mp-667363,mp-5331
mp-667363,mp-554185
mp-667363,mp-559145
mp-676581,mp-4691
mp-676581,mp-1229177
mp-689943,mp-776270
mp-689943,mp-756652
mp-689943,mp-776270
mp-689943,mp-27046
mp-689943,mp-540093
mp-704102,mp-565836
mp-754659,mp-755998
mp-754718,mp-997041
mp-754718,mp-4541
mp-755047,mp-755054
mp-755663,mp-755731
mp-757115,mp-1223385
mp-757688,mp-685446
mp-757688,mp-21644
mp-760360,mp-760007
mp-758643,mp-758621
mp-758643,mp-762249
mp-758643,mp-757524
mp-758643,mp-763508
mp-758643,mp-757524
mp-753679,mp-1101448
mp-689943,mp-776270
mp-689943,mp-756652
mp-689943,mp-776270
mp-689943,mp-27046
mp-689943,mp-540093
mp-766442,mp-776288
mp-766442,mp-19752
mp-766442,mp-694541
mp-766442,mp-694541
mp-766442,mp-753395
mp-766442,mp-776288
mp-766442,mp-760343
mp-766442,mp-772512
mp-766442,mp-559295
mp-766442,mp-694541
mp-766442,mp-19109
mp-766442,mp-25303
mp-766442,mp-1048924
mp-768887,mp-754903
mp-769289,mp-755511
mp-769365,mp-754358
mp-755536,mp-768845
mp-755536,mp-755708
mp-755536,mp-768729
mp-755536,mp-754958
mp-756967,mp-758665
mp-768682,mp-754255
mp-756005,mp-775130
mp-756005,mp-775130
mp-756005,mp-755795
mp-770388,mp-769468
mp-754913,mp-755566
mp-754913,mp-1178001
mp-770632,mp-756569
mp-770632,mp-754470
mp-770780,mp-697742
mp-770780,mp-771660
mp-770780,mp-771388
mp-770780,mp-770670
mp-770780,mp-540416
mp-770780,mp-770531
mp-770780,mp-770558
mp-770780,mp-770542
mp-770780,mp-771660
mp-770780,mp-26138
mp-770780,mp-26340
mp-770780,mp-540338
mp-770780,mp-770670
mp-770780,mp-755561
mp-770780,mp-771660
mp-770780,mp-585266
mp-770892,mp-763482
mp-770892,mp-25203
mp-770892,mp-26430
mp-770892,mp-26462
mp-770892,mp-554181
mp-770892,mp-19000
mp-770892,mp-25265
mp-770892,mp-763482
mp-770892,mp-26462
mp-770892,mp-1216303
mp-771189,mp-1178581
mp-771248,mp-772769
mp-771248,mp-772811
mp-771248,mp-772863
mp-772052,mp-761036
mp-772187,mp-756686
mp-772624,mp-1228951
mp-772898,mp-756686
mp-773252,mp-758095
mp-773663,mp-754843
mp-773663,mp-781948
mp-773663,mp-779477
mp-773663,mp-760979
mp-774621,mp-754285
mp-776024,mp-542112
mp-776979,mp-768425
mp-755627,mp-757147
mp-778878,mp-1178558
mp-778973,mp-772617
mp-779589,mp-779294
mp-779729,mp-754843
mp-779729,mp-781948
mp-779729,mp-779477
mp-779729,mp-760979
mp-779908,mp-754373
mp-779908,mp-755490
mp-779908,mp-757147
mp-779908,mp-891361
mp-780263,mp-752730
mp-780263,mp-752410
mp-780263,mp-779880
mp-780656,mp-761686
mp-754743,mp-1176388
mp-863362,mp-559908
mp-863362,mp-7638
mp-863362,mp-757158
mp-9212,mp-7748
mp-996948,mvc-11984
mp-996948,mp-1041960
mvc-11633,mp-763482
mvc-11633,mp-25203
mvc-11633,mp-26430
mvc-11633,mp-26462
mvc-11633,mp-19000
mvc-11633,mp-25265
mvc-11633,mp-763482
mvc-11633,mp-1216303
mvc-12771,mp-504510
mvc-12771,mp-504510
mvc-14378,mvc-12557
mvc-14378,mvc-12603
mvc-14378,mvc-12902
mvc-14378,mp-579284
mvc-14378,mp-630714
mvc-14378,mp-1041720
mvc-14378,mp-33432
mvc-14378,mp-1045551
mp-1043556,mp-9750
mp-1043568,mp-15844
mp-1043568,mp-541740
mp-1044170,mp-772276
mp-1044170,mp-756450
mp-1044170,mp-26496
mp-1044170,mp-26924
mp-1045293,mp-9125
mp-1048765,mp-3653
mp-1048795,mp-9650
mp-1076157,mvc-3951
mp-1076319,mvc-3988
mp-1076319,mp-673820
mp-1076319,mp-1227586
mp-1079330,mp-27186
mp-1080213,mp-1003483
mp-26792,mp-776288
mp-26792,mp-19752
mp-26792,mp-694541
mp-26792,mp-694541
mp-26792,mp-753395
mp-26792,mp-776288
mp-26792,mp-760343
mp-26792,mp-694541
mp-26792,mp-19109
mp-26792,mp-25303
mp-1105229,mp-11019
mp-1105229,mp-4280
mp-1105293,mp-11020
mp-1105293,mp-1096971
mp-1178163,mp-778848
mp-1178578,mp-4691
mp-1178578,mp-1229177
mp-11794,mp-9631
mp-1180149,mp-753218
mp-1180149,mp-1101677
mp-1180149,mp-1198236
mp-1182420,mp-610232
mp-1190015,mp-4748
mp-1190015,mp-559354
mp-1190015,mp-1078295
mp-1190015,mp-4419
mp-1190015,mp-3136
mp-1190015,mp-1105765
mp-1190015,mp-1199037
mp-1197485,mp-29782
mp-729083,mp-1199947
mp-1203481,mp-12725
mp-1203481,mp-5537
mp-1203481,mp-557680
mp-1203481,mp-1205362
mp-1203481,mp-1220387
mp-1204243,mp-561228
mp-1217399,mp-33684
mp-1217946,mp-754944
mp-1217946,mp-755628
mp-1217946,mp-755303
mp-1217946,mp-1173115
mp-1220416,mp-755390
mp-1228487,mp-1173069
mp-19042,mp-18395
mp-19154,mp-19285
mp-21060,mp-21880
mp-21060,mp-19359
mp-21216,mp-776154
mp-21216,mp-1178577
mp-5052,mp-14550
mp-5052,mp-13641
mp-5246,mp-935811
mp-532289,mp-530850
mp-555918,mp-30286
mp-555918,mp-557637
mp-556826,mp-8056
mp-556826,mp-3417
mp-556826,mp-13827
mp-557989,mp-12156
mp-559658,mp-4199
mp-560040,mp-4155
mp-560456,mp-18321
mp-560821,mp-8682
mp-560821,mp-674334
mp-560821,mp-675299
mp-560821,mp-758006
mp-560821,mp-1019562
mp-560821,mp-4481
mp-560821,mp-4180
mp-560821,mp-556942
mp-542018,mp-1218842
mp-585516,mp-3932
mp-637188,mp-504466
mp-675254,mp-560151
mp-675254,mp-13024
mp-675254,mp-37990
mp-675254,mp-4051
mp-675254,mp-707977
mp-675254,mp-1019513
mp-675254,mp-1019514
mp-675254,mp-3955
mp-675254,mp-557604
mp-675254,mp-7848
mp-675254,mp-555941
mp-675254,mp-5331
mp-685935,mp-8275
mp-685935,mp-1016903
mp-754979,mp-1101169
mp-26792,mp-776288
mp-26792,mp-19752
mp-26792,mp-694541
mp-26792,mp-694541
mp-26792,mp-753395
mp-26792,mp-776288
mp-26792,mp-760343
mp-26792,mp-694541
mp-26792,mp-19109
mp-26792,mp-25303
mp-766442,mp-776288
mp-766442,mp-19752
mp-766442,mp-694541
mp-766442,mp-694541
mp-766442,mp-753395
mp-766442,mp-776288
mp-766442,mp-760343
mp-766442,mp-772512
mp-766442,mp-559295
mp-766442,mp-694541
mp-766442,mp-19109
mp-766442,mp-25303
mp-766442,mp-1048924
mp-772842,mp-772769
mp-772842,mp-772811
mp-772842,mp-772863
mp-773173,mp-863438
mp-773173,mp-885579
mp-773965,mp-1192336
mp-850201,mp-759863
mp-861694,mp-776270
mp-861694,mp-756652
mp-861694,mp-777241
mp-861694,mp-777241
mp-861694,mp-776270
mp-861694,mp-27046
mp-861694,mp-540093
mvc-6573,mp-1047184
mvc-6573,mp-1041556
mvc-6573,mp-1047007
mvc-6573,mp-1042234
mvc-6573,mp-1041808
mp-7375,mp-935811
mp-550593,mp-546202
mp-550593,mp-551848
mp-550593,mp-551740
mp-550593,mp-1180553
mp-1096875,mp-19378
mp-532212,mp-36447
mp-675586,mp-18816
mp-675586,mp-20313
mp-675586,mp-1192494
mp-530567,mp-36465
mp-530567,mp-30084
mp-19376,mp-743867
mp-19376,mp-19082
mp-770959,mp-754370
mp-532094,mp-36447
mp-558608,mp-1192336
mp-768770,mp-754311
mp-756637,mp-754370
mp-34425,mvc-12573
mp-34425,mvc-11645
mp-34425,mp-34296
mp-34425,mp-19313
mp-34425,mp-1042141
mp-34425,mp-1047701
mp-13334,mp-14628
mp-34330,mp-38307
mp-34330,mp-556870
mp-34330,mp-3536
mp-4514,mp-1078295
mp-4514,mp-4419
mp-4514,mp-3136
mp-4559,mp-1227982
mp-768221,mvc-15941
mp-768221,mp-754152
mp-755568,mp-22979
mp-1020631,mp-8285
mp-33302,mp-5857
mp-33302,mp-38307
mp-33302,mp-556870
mp-33302,mp-3536
mp-33302,mp-1222051
mp-756773,mp-752807
mp-6920,mp-676851
mp-755018,mp-1076534
mp-3731,mp-552588
mp-3731,mp-755559
mp-3731,mp-1078377
mp-25954,mp-776270
mp-25954,mp-756652
mp-25954,mp-776270
mp-25954,mp-27046
mp-25954,mp-540093
mp-754513,mp-754980
mp-1040792,mvc-14963
mp-1040792,mvc-12187
mp-1040792,mvc-15332
mp-504335,mp-689963
mp-504335,mp-690012
mp-504335,mp-504314
mp-504335,mp-764345
mp-504335,mp-504314
mp-504335,mp-26918
mp-550474,mp-546202
mp-550474,mp-551848
mp-550474,mp-551740
mp-550474,mp-1180553
mp-551690,mp-547898
mp-551690,mp-552966
mp-551690,mp-546320
mp-551690,mp-545760
mp-551690,mp-550679
mp-552552,mp-551886
mp-552552,mp-546551
mp-552552,mp-546707
mp-29793,mp-557315
mp-761314,mp-35236
mp-761314,mp-1178203
mp-756696,mp-755023
mp-1048853,mvc-13150
mp-1048853,mvc-12218
mp-1048853,mp-1042170
mp-1048853,mvc-12386
mp-1048853,mp-1041946
mp-1048853,mp-1042970
mp-530164,mp-5857
mp-530164,mp-38307
mp-530164,mp-556870
mp-530164,mp-3536
mp-530164,mp-1222051
mp-560717,mp-4691
mp-560717,mp-1229177
mp-531175,mp-756190
mp-531175,mp-3443
mp-531793,mp-5857
mp-531793,mp-38307
mp-531793,mp-556870
mp-531793,mp-3536
mp-531793,mp-1222051
mvc-9988,mp-1042163
mvc-9988,mp-1041518
mvc-9988,mp-1047711
mvc-9988,mp-1042036
mp-5020,mp-2998
mp-1221905,mp-1221939
mp-1078470,mp-635713
mp-1078470,mp-14142
mp-1096798,mp-973185
mp-530852,mp-7982
mp-530852,mp-2895
mp-530852,mp-5639
mp-530852,mp-673808
mp-530852,mp-675215
mp-530852,mp-1020110
mp-530852,mp-554396
mp-530852,mp-554663
mp-530852,mp-560321
mp-530852,mp-5391
mp-530852,mp-1103987
mp-691106,mp-20569
mp-531530,mp-5857
mp-531530,mp-38307
mp-531530,mp-556870
mp-531530,mp-3536
mp-531530,mp-1222051
mp-532027,mp-772600
mp-532027,mp-21333
mp-753198,mvc-12603
mp-753198,mvc-12902
mp-753198,mp-1041720
mp-753198,mp-608016
mp-753198,mp-33432
mp-753198,mp-1045551
mp-34140,mvc-12573
mp-34140,mvc-11645
mp-34140,mp-34296
mp-34140,mp-19313
mp-34140,mp-1042141
mp-34140,mp-1047701
mp-33335,mp-5857
mp-33335,mp-38307
mp-33335,mp-556870
mp-33335,mp-3536
mp-33335,mp-1222051
mp-530413,mvc-12573
mp-530413,mvc-11645
mp-530413,mp-34296
mp-530413,mp-19313
mp-530413,mp-1042141
mp-530413,mp-1047701
mp-34730,mvc-12573
mp-34730,mvc-11645
mp-34730,mp-34296
mp-34730,mp-19313
mp-34730,mp-1042141
mp-34730,mp-1047701
mp-34730,mvc-12573
mp-34730,mvc-11645
mp-34730,mp-34296
mp-34730,mp-19313
mp-34730,mp-1047701
mp-754009,mp-1101383
mp-1041171,mvc-13150
mp-1041171,mvc-12043
mp-1041171,mvc-12218
mp-1041171,mp-20547
mp-1041171,mp-1042170
mp-1041171,mvc-12386
mp-1041171,mp-1041946
mp-1041171,mp-1042970
mp-1041039,mp-540593
mp-1041039,mvc-11560
mp-1041039,mvc-11984
mp-1041039,mp-540582
mp-1041039,mp-1047705
mp-1041039,mp-1045547
mp-1041039,mp-1041960
mp-1048922,mvc-11563
mp-1048922,mvc-10887
mp-1048922,mvc-12553
mp-1221066,mp-18921
mp-1221066,mp-1101661
mp-1044686,mp-1046891
mp-1044686,mp-1047431
mp-1044686,mp-1041542
mp-1044686,mp-1042270
mp-1048872,mvc-12571
mp-1048872,mp-19410
mp-1048872,mp-1041909
mp-1048872,mp-1047680
mp-1040786,mp-1046917
mp-1040786,mp-1047722
mp-1041004,mvc-12592
mp-1041004,mp-19202
mp-1041004,mvc-12547
mp-1041004,mp-39010
mp-1041004,mp-1047641
mp-1041004,mp-1041502
mp-1041004,mp-1048255
mp-1044699,mp-1046873
mp-1044699,mp-1047380
mp-1044699,mp-1047763
mp-1048859,mvc-12607
mp-1048859,mvc-12571
mp-1048859,mp-19410
mp-1048859,mp-1048271
mp-1048859,mp-1041789
mp-1048859,mp-1047680
mp-1040983,mvc-12618
mp-1040983,mvc-12124
mp-1040983,mp-18879
mp-1040983,mp-1047669
mp-1040983,mp-1041899
mp-1040983,mp-1041630
mp-1040983,mp-1045535
mp-1048900,mvc-12627
mp-1048900,mp-1045532
mp-1048900,mp-1041848
mp-1044703,mp-1041676
mp-1044703,mp-1041506
mp-1041298,mp-1047646
mp-1041298,mp-1042245
mp-1041298,mp-1042046
mp-1041298,mp-1041996
mp-1041298,mp-1042530
mp-1041298,mp-1047293
mp-1041142,mvc-11563
mp-1041142,mvc-10887
mp-1041142,mvc-12553
mp-1041142,mvc-12622
mp-1041142,mp-504712
mp-1044814,mvc-5754
mp-1044814,mp-1046883
mp-1044814,mp-1047375
mp-1044814,mp-1047543
mp-1044814,mp-1041727
mp-1044814,mp-1047792
mp-1044814,mp-1042238
mp-1216763,mp-755657
mp-1041004,mvc-12592
mp-1041004,mp-19202
mp-1041004,mvc-12547
mp-1041004,mp-39010
mp-1041004,mp-1047641
mp-1041004,mp-1041502
mp-1041004,mp-1048255
mp-1048867,mvc-12618
mp-1048867,mvc-12124
mp-1048867,mp-18879
mp-1048867,mp-1047669
mp-1048867,mp-1041899
mp-1048867,mp-1041630
mp-1048867,mp-1045535
mp-1044682,mp-1042216
mp-1044682,mp-1047341
mp-1044682,mp-1046875
mp-1044682,mp-1041524
mp-1048964,mp-540593
mp-1048964,mvc-11560
mp-1048964,mvc-11984
mp-1048964,mp-540582
mp-1048964,mp-1047705
mp-1048964,mp-1045547
mp-1044601,mvc-5722
mp-1044601,mp-1042216
mp-1044601,mp-1041489
mp-1044601,mp-1047341
mp-1044601,mp-1046875
mp-1044601,mp-1041524
mp-1049284,mvc-12557
mp-1049284,mvc-12603
mp-1049284,mvc-12902
mp-1049284,mp-630714
mp-1049284,mp-1041720
mp-1049284,mp-608016
mp-1049284,mp-33432
mp-1049284,mp-1045551
mp-1040784,mp-1047646
mp-1040784,mp-1042046
mp-1040784,mp-1041996
mp-1040784,mp-1042530
mp-1229128,mp-4198
mp-1044693,mp-1042260
mp-1044693,mp-1047315
mp-1044693,mp-1041517
mp-1044693,mp-1041690
mp-1044693,mp-1046855
mp-1048906,mvc-5694
mp-1048906,mvc-4829
mp-1048906,mp-1041934
mp-1048906,mp-1047650
mp-1044669,mp-1046883
mp-1044669,mp-1047375
mp-1044669,mp-1047792
mp-1044669,mp-1042238
mp-1048882,mp-1042571
mp-1048882,mp-1041947
mp-1048882,mp-1047644
mp-1040810,mvc-11560
mp-1040810,mvc-11984
mp-1040810,mp-1047705
mp-1040810,mp-1045547
mp-1041366,mp-1046917
mp-1041366,mp-1047722
mp-1041366,mp-1041800
mp-1040943,mvc-12027
mp-1040943,mvc-12111
mp-1040943,mvc-12627
mp-1040943,mp-1045532
mp-1040943,mp-1041583
mp-1040943,mp-1041848
mp-1044835,mvc-5722
mp-1044835,mp-1042216
mp-1044835,mp-1041489
mp-1044835,mp-1047341
mp-1044835,mp-1046875
mp-1044835,mp-1041524
mp-1040929,mvc-12607
mp-1040929,mvc-12571
mp-1040929,mp-19410
mp-1040929,mp-1048271
mp-1040929,mp-1041789
mp-1040929,mp-1041909
mp-1040929,mp-1047680
mp-1048861,mvc-5692
mp-1048861,mp-1042581
mp-1048861,mp-1047626
mp-1048861,mp-1041687
mp-1048861,mp-1047726
mp-1048861,mp-1041889
mp-1048889,mvc-12592
mp-1048889,mp-19202
mp-1048889,mp-39010
mp-1048889,mp-1047641
mp-755190,mp-1173107
mp-5986,mp-2998
mp-761281,mp-674490
mp-761281,mp-1178209
mp-761341,mp-690490
mp-758053,mp-675580
mp-758053,mp-754908
mp-1068742,mp-3323
mp-760396,mp-675172
mp-760396,mp-14333
mp-20459,mp-19845
mp-771411,mp-1101351
mp-1181782,mp-755115
mp-1181782,mp-768337
mp-1181782,mp-768878
mp-1181782,mp-1041019
mp-4342,mp-935811
mp-761390,mp-754944
mp-761390,mp-755628
mp-761390,mp-755303
mp-761390,mp-1173115
mp-559112,mp-540728
mp-1218382,mp-1025351
mp-861559,mp-754944
mp-861559,mp-755628
mp-861559,mp-754411
mp-861559,mp-755303
mp-861559,mp-1173115
mp-1222354,mp-5488
mp-1193545,mp-756132
mp-771290,mp-757975
mp-771290,mp-1176656
mp-771315,mp-756398
mvc-3470,mvc-13858
mvc-3476,mvc-3844
mvc-3479,mvc-15745
mvc-3479,mvc-15941
mvc-3479,mp-754152
mvc-3506,mvc-3810
mvc-3506,mp-1183134
mvc-3769,mvc-14154
mvc-3770,mp-18883
mvc-3775,mvc-14409
mvc-3468,mvc-13900
mp-770645,mp-752922
mp-770648,mp-755225
mp-759174,mp-760125
mp-779898,mp-760327
mp-780493,mp-756239
mp-753473,mp-22526
mp-771075,mp-755817
mp-771123,mp-769734
mp-771123,mp-754342
mp-773167,mp-756482
mp-773140,mp-752738
mp-754977,mp-1222302
mp-754977,mp-18782
mp-754977,mp-757614
mp-757029,mp-753620
mp-757029,mp-753551
mp-757029,mp-773602
mp-1019563,mp-8682
mp-1019563,mp-1019562
mp-761931,mp-850280
mp-19241,mp-19138
mp-18528,mp-510616
mp-753816,mp-755084
mp-545974,mp-13024
mp-545974,mp-4051
mp-545974,mp-7848
mp-19267,mp-18840
mp-19267,mp-757501
mp-19267,mp-35078
mp-19267,mp-18840
mp-19267,mp-19156
mp-5859,mp-560151
mp-5859,mp-13024
mp-5859,mp-37990
mp-5859,mp-4051
mp-5859,mp-707977
mp-5859,mp-1019511
mp-5859,mp-1019512
mp-5859,mp-1019513
mp-5859,mp-1019514
mp-5859,mp-3955
mp-5859,mp-557604
mp-5859,mp-557757
mp-5859,mp-7848
mp-5859,mp-541338
mp-5859,mp-555941
mp-5859,mp-5331
mp-19321,mp-774338
mvc-8027,mvc-3637
mp-753227,mp-762454
mp-753227,mp-18793
mp-19139,mvc-14313
mp-19216,mvc-14219
mp-1227489,mp-28234
mp-1042442,mvc-15812
mp-1042523,mvc-2955
mp-1101280,mp-753061
mp-1042829,mp-18893
mp-1205336,mp-19156
mp-1042707,mvc-13425
mp-1042561,mvc-15350
mp-861562,mp-753507
mp-861562,mp-754623
mp-1042834,mvc-14221
mp-1042834,mp-755946
mp-1218531,mp-6995
mp-1218653,mp-3742
mp-1042495,mvc-14287
mp-1042495,mp-37995
mp-1218206,mp-19001
mp-1218206,mp-559975
mp-1042395,mvc-14293
mp-1042694,mp-770173
mp-1042694,mp-755023
mp-1042856,mvc-14765
mp-1042514,mvc-14010
mp-1176519,mp-775331
mp-1176519,mp-19340
mp-1042858,mvc-3578
mp-1042695,mvc-15495
